{"binary_accuracy": [0.8280973434448242, 0.9165928959846497, 0.9391592741012573, 0.9373893737792969, 0.9469026327133179, 0.9475663900375366, 0.949999988079071, 0.9550884962081909, 0.9535398483276367, 0.9539822936058044, 0.9517698884010315, 0.9634955525398254, 0.9626106023788452, 0.9654867053031921, 0.9581858515739441, 0.9564159512519836, 0.9626106023788452, 0.9694690108299255, 0.9741150736808777, 0.9758849740028381, 0.9780973196029663, 0.9840707778930664, 0.972123920917511, 0.9778761267662048, 0.980088472366333, 0.9756637215614319, 0.9809734225273132, 0.9792035222053528, 0.9858406782150269, 0.9871681332588196, 0.991150438785553, 0.9814159274101257, 0.9803097248077393, 0.98893803358078, 0.988274335861206, 0.9851769804954529, 0.9834070801734924, 0.9891592860221863, 0.9876106381416321, 0.9856194853782654, 0.9935840964317322, 0.9898229837417603, 0.9924778938293457, 0.9922566413879395, 0.997787594795227, 0.9957964420318604, 0.9893805384635925, 0.9944690465927124, 0.9960176944732666, 0.9926990866661072, 0.9982300996780396, 0.9935840964317322, 0.9944690465927124, 0.9980088472366333, 0.999336302280426, 0.9984513521194458, 0.9944690465927124, 0.9944690465927124, 0.9931415915489197, 0.9951327443122864, 0.9973451495170593, 0.9980088472366333, 0.9962389469146729, 0.9995574951171875, 1.0, 0.9997787475585938, 0.9997787475585938, 0.9931415915489197, 0.9754424691200256, 0.9926990866661072, 0.9907079935073853, 0.9955752491950989, 0.9962389469146729, 0.9982300996780396, 0.9984513521194458, 0.9966813921928406, 0.9986725449562073, 0.9997787475585938, 0.9997787475585938, 0.999336302280426, 0.9986725449562073, 0.9973451495170593, 0.9969026446342468, 0.9953539967536926, 0.9957964420318604, 0.9969026446342468, 0.9995574951171875, 1.0, 1.0, 1.0, 1.0, 1.0, 1.0, 1.0, 0.9944690465927124, 0.9969026446342468, 0.997787594795227, 0.9991150498390198, 0.9975663423538208, 0.9929203391075134], "loss": [0.37901538610458374, 0.20384708046913147, 0.16060717403888702, 0.16153766214847565, 0.1397407352924347, 0.13688160479068756, 0.13176214694976807, 0.11663471162319183, 0.1172209084033966, 0.1098419725894928, 0.11789190024137497, 0.09205612540245056, 0.09479206800460815, 0.08695922791957855, 0.09867101162672043, 0.09742818027734756, 0.08774997293949127, 0.07629562169313431, 0.06343347579240799, 0.06252496689558029, 0.060826078057289124, 0.04174039885401726, 0.07246501743793488, 0.05769335851073265, 0.04836094751954079, 0.07131603360176086, 0.047258298844099045, 0.05741901323199272, 0.04018421843647957, 0.03327666595578194, 0.02269705943763256, 0.04453219845890999, 0.05729152634739876, 0.028255846351385117, 0.03426113352179527, 0.04266856610774994, 0.04352201148867607, 0.02770329639315605, 0.039114177227020264, 0.03753054514527321, 0.018651867285370827, 0.029009466990828514, 0.02291715517640114, 0.02450159564614296, 0.0076201921328902245, 0.013156825676560402, 0.031604740768671036, 0.016188442707061768, 0.012403525412082672, 0.02005798928439617, 0.010421650484204292, 0.018543582409620285, 0.01741192676126957, 0.007025004364550114, 0.002649481175467372, 0.005347712431102991, 0.014305775985121727, 0.013588100671768188, 0.021840346977114677, 0.015576730482280254, 0.010299677960574627, 0.0050791227258741856, 0.011013362556695938, 0.0025833798572421074, 0.0011885688873007894, 0.0008329603006131947, 0.0008637222927063704, 0.02119949460029602, 0.09359795600175858, 0.022636663168668747, 0.025533810257911682, 0.014477679505944252, 0.010881832800805569, 0.004821725655347109, 0.004265000112354755, 0.008598465472459793, 0.005452158395200968, 0.0013529517455026507, 0.0008966570603661239, 0.002585536800324917, 0.0039872159250080585, 0.007101173046976328, 0.0068884352222085, 0.01524842157959938, 0.01192841399461031, 0.00854805763810873, 0.002382630482316017, 0.0007353458786383271, 0.00039977405685931444, 0.00025015987921506166, 0.00019904127111658454, 0.0002763320517260581, 0.0001317900459980592, 0.0003634121676441282, 0.02202434092760086, 0.010393246077001095, 0.00851252768188715, 0.0031966380774974823, 0.005361312068998814, 0.030003637075424194], "val_binary_accuracy": [0.9257950782775879, 0.9266784191131592, 0.9134275913238525, 0.934628963470459, 0.9363957643508911, 0.9328621625900269, 0.9363957643508911, 0.9310954213142395, 0.9487632513046265, 0.9416961073875427, 0.934628963470459, 0.9558303952217102, 0.9770318269729614, 0.9196113348007202, 0.9443463087081909, 0.9602473378181458, 0.9390459656715393, 0.9646643400192261, 0.981448769569397, 0.9699646830558777, 0.981448769569397, 0.9425795078277588, 0.9584805369377136, 0.9734982252120972, 0.9752650260925293, 0.9743816256523132, 0.9752650260925293, 0.971731424331665, 0.9938162565231323, 0.9920494556427002, 0.9920494556427002, 0.9310954213142395, 0.9893993139266968, 0.982332170009613, 0.981448769569397, 0.9840989112854004, 0.9770318269729614, 0.9902827143669128, 0.9796819686889648, 0.9885159134864807, 0.9867491126060486, 0.9902827143669128, 0.9955830574035645, 0.9893993139266968, 0.9920494556427002, 0.9840989112854004, 0.9867491126060486, 0.9929328560829163, 0.9929328560829163, 0.9955830574035645, 0.9955830574035645, 0.9920494556427002, 0.9982331991195679, 0.9973497986793518, 0.9973497986793518, 0.9946996569633484, 0.9832155704498291, 0.9938162565231323, 0.9911660552024841, 0.9911660552024841, 0.9982331991195679, 0.9982331991195679, 0.9982331991195679, 0.9982331991195679, 0.9991165995597839, 0.9955830574035645, 0.9893993139266968, 0.9929328560829163, 0.9920494556427002, 0.9911660552024841, 0.9911660552024841, 0.9938162565231323, 0.9973497986793518, 0.9982331991195679, 0.9991165995597839, 1.0, 0.9946996569633484, 0.9991165995597839, 0.9991165995597839, 0.9955830574035645, 0.9964664578437805, 0.9964664578437805, 0.9893993139266968, 0.9982331991195679, 0.9893993139266968, 0.9955830574035645, 0.9991165995597839, 0.9991165995597839, 0.9991165995597839, 0.9991165995597839, 0.9991165995597839, 0.9991165995597839, 0.9991165995597839, 0.9982331991195679, 0.9964664578437805, 0.9858657121658325, 0.9946996569633484, 0.9982331991195679, 0.9964664578437805, 1.0],